Item,Description
#######################################################
######料理
#######################################################
石器月餅,肉4+水4+糖4+油4+豆4+炭4
蛋黃酥,蛋3+豆3+油3+炭3+水3
包心菜捲肉,水3+肉3+生薑1+蘆筍3+紅蘿蔔3
腐爛納豆,豆1+水1
普通的納豆,豆2+水2
特選納豆,豆4+水4+海藻4(火城旅館80.36｜地城旅館西南區28.12有賣)
便利商店關東煮,蛋2+章魚2+馬鈴薯2+串2+水2
明太子黃瓜,黃瓜1+魚1
花枝腳,花枝1+炭1
威力上升磨菇,香菇2+胡椒2
烤焦的年糕,米1+炭1
年糕,米2+炭2
細烤年糕,米3+炭3
保存用曬乾肉,肉2+鹽2
烤豬排,肉3+胡椒3+油3
燒焦的烤豬排,肉1+胡椒1
冷掉的烤豬排,水2+肉2+胡椒2+香草2
柔軟的麵包,橡樹果1+炭1
香噴噴麵包,橡樹果2+炭2
硬的麵包,橡樹果3+炭3
小麵包,蛋2+橡樹果2+炭2
煮過變色的蛋,蛋1+鹽1+水1
破了的荷包蛋,蛋1+鹽1+水1
硬掉的荷包蛋,蛋1+鹽1+水1
半熟的荷包蛋,蛋1+鹽1+水1
荷包蛋,蛋1+水1
蛋特選,蛋2+水2
溫泉蛋,蛋1+水3
蛋殼蒸,蛋1+香菇1+馬鈴薯1
原始茶碗蒸,蛋2+蝦2+香菇2(風城旅館102.78｜水城旅館18.47有賣)
特大荷包蛋,蛋4+鹽4+水4
乾過頭的魚乾,魚1+炭1
半生魚乾,魚1+炭2
普通的曬乾魚,魚2+炭2
高級的曬乾魚,魚3+炭3
烤章魚丸,章魚2+蛋2
海星火焰,海星1+炭1
索爾史提塔,海星2+鹽2
特製希特多,海星2+油2
胡椒海星,胡椒2+海星2
肉片煮,水3+肉4+生薑4
大塊肉煮,水4+肉4+生薑4
燉爛肉,水3+肉3+生薑3
小塊肉煮,水2+肉2+生薑2
精心燉煮過的肉丸,水1+肉1+生薑1
肉蔬菜大鍋煮,水3+肉3+生薑3+蘆筍3+紅蘿蔔3
香甜的燉肉跟青菜,水2+肉2+生薑2+蘆筍2+紅蘿蔔2
水煮肉跟青菜,水1+肉1+生薑1+蘆筍1+紅蘿蔔1
山煮蘑菇,香菇1+豆1+花枝1+水1
里煮蘑菇,香菇1+馬鈴薯1+花枝1+水1
村煮蘑菇,香菇2+地瓜2+花枝2+水2
培根魚燉煮,魚1+鹽1+水1+肉1
雙魚燉煮,魚2+鹽1+水1
照燒煮魚,魚1+鹽2+水1+油2
烤魚料理,魚1+鹽2+水1
賞月魚料理,魚1+鹽2+水2+蛋2
魚大鍋煮,魚2+鹽2+水2+油2
慢火煮,魚2+馬鈴薯2+水2+大蒜2
詭異的牛肉燉煮,蜥蜴1+海星1+鹽1+水1
即席大鍋煮,肉1+魚1+茄子1+香菇1+水1
別出心裁的大鍋煮,肉2+魚2+蕃茄2+蘆筍2+水2
煮貝類魚肉,貝1+魚1+水1+鹽1
貝類飯,貝2+米2
柔軟手捲,米1+鹽1+水1+海藻1
青蛙手捲,米1+水1+海藻1+青蛙1
愛情御飯團,米2+水2+海藻2
大飯團,米2+鹽2+水2+海藻2
葡萄飯團,海藻2+葡萄2+米2+水2
蘋果飯團,海藻3+蘋果3+米3+水3
烤飯團,米3+海藻3+炭3+水3
粘糊糊的飯,米1+水1+炭1
硬的飯,米2+水2+炭2
熱騰騰的飯,米3+水3+炭3
黃金飯,米4+炭4+水4
海星飯,海星2+米2
地瓜飯,馬鈴薯3+地瓜3+米3
蛋蜜汁,蛋2+糖2
加入生蛋的飲用水,蛋3+水3
稍甜的燙青菜,紅蘿蔔2+茄子2+馬鈴薯2+香菇2+水2
生煮溫蔬菜,紅蘿蔔3+茄子3+馬鈴薯3+香菇3+水3
酸海苔,海藻1+鹽1
即席螃蟹球,蟹2+蛋2+炭1
生的螃蟹球,蟹1+蛋1
炸馬鈴薯,馬鈴薯4+油4+鹽4
神秘的肉丸,蜥蜴3+青蛙3
香腸,魚1+鹽1
必勝祈願薑,生薑1+炭1
兩棲類生魚片,蜥蜴2+青蛙2
塔姆塔姆的烤生薑,油4+胡椒4+生薑4
烤焦了的牛排,肉3+蒜3+胡椒3+炭4
變色的肉盤,肉3+豆4+櫻桃3
豪華肉拼盤,肉4+豆4+櫻桃4
脂肪多的肉飯,肉3+豆3+櫻桃3+油3
有份量的肉飯,肉2+豆2+櫻桃2
漢堡,肉2+油2+鹽2+炭2
原始肉的特別套餐,肉3+油3+炭3
原始肉的經濟套餐,肉2+油2+炭2
原始肉套餐剩餘的東西,肉1+油1+炭1
特製5倍厚肉片,肉4+蒜4+鹽4+胡椒4+炭4(火城旅館80.36｜地城旅館西南區28.12有賣)
特製4倍厚肉片,肉3+蒜3+鹽3+炭3
特製3倍厚肉片,肉3+蒜3+鹽3+炭3
特製2倍厚肉片,肉2+蒜2+鹽2+炭2
特製厚肉片,肉1+蒜1+鹽1+炭1
烤筋肉,肉2+鹽2+炭2
烤赤肉,肉4+炭4+胡椒4+紅蘿蔔4
蘋果醬汁牛排,肉3+炭3+蘋果3
草莓醬汁牛排,肉3+炭3+草莓3
梨子醬汁牛排,肉3+炭3+梨子3
葡萄醬汁牛排,肉3+炭3+葡萄3
櫻桃醬汁牛排,肉3+炭3+櫻桃3
蜜桃醬汁牛排,肉3+炭3+桃3
肉汁四溢的牛排,肉2+蒜2+胡椒2+炭2
即席牛排,肉1+蒜1+胡椒1+炭1
體力增強香菇串,串3+香菇3+大蒜3+炭3
焦了的烤魚,魚2+炭1+鹽1
鹹的烤魚,魚3+炭2+鹽2
烤魚,魚4+炭3+鹽3
新鮮的烤花枝,花枝3+炭3+鹽3(風城旅館102.78｜水城旅館18.47有賣)
危險的生魚片,青蛙1+蜥蜴1+貝1
冷凍的生魚片,章魚2+花枝2+貝2
豪華船生魚片,魚4+花枝4+蝦4+蟹4+章魚4
高級生魚片,魚3+花枝3+蝦3+蟹3+章魚3
漁村風烤貝殼,貝4+炭4
烤青蛙,青蛙1+炭1
生貝肉,貝2+鹽2
炭燒烏賊,花枝4+鹽4+炭4+油4(風城旅館102.78｜水城旅館18.47有賣)
烤花枝加墨汁,花枝4+鹽4+炭4(風城旅館102.78｜水城旅館18.47有賣)
暖暖的燉煮,水2+馬鈴薯2+紅蘿蔔2+鹽2
香炸脆蟹,蟹4+油4+鹽4+胡椒4(風城旅館102.78｜水城旅館18.47有賣)
硬炸螃蟹,蟹4+油4+鹽4
麵皮很厚的炸螃蟹,蟹3+油3+鹽3
稍甜的油炸螃蟹,蟹2+油2+鹽2
鹽味的油炸螃蟹,蟹1+油1+鹽1
巨人俱樂部,蟹3+水3
石器雪餅,肉4+水4+糖4+油4+豆4
茄子跟斑,茄子1+水1+鹽1
青椒包肉,肉3+青椒3
綜合豆點心,豆1+橡樹果1
鹽醃黃瓜,黃瓜1+鹽1
超嗆大蒜,大蒜2+炭2
蒜豆,大蒜1+豆1
蘿蔔蔥排,蔥3+紅蘿蔔3
泡菜,黃瓜1+豆1+鹽1
氣力增強蘑菇串,串3+菇3+蜥蜴3+炭3
生烤地瓜,地瓜1+鹽1+串1+炭1
烤焦的地瓜串燒,地瓜2+串2+炭2
葉烤蕃薯,地瓜3+串3+炭3
半熟的芋頭,地瓜3+鹽3+串3+炭3
石烤地瓜,地瓜3+鹽3+串3+炭3
水果沙拉,包心菜4+黃瓜4+草莓4+紅蘿蔔4+蕃茄4
生包心菜,包心菜1+鹽1
三分鐘沙拉,青椒1+小黃瓜1
綠色沙拉,紅蘿蔔1+蕃茄1+小黃瓜1+豆1+包心菜1
千層沙拉,紅蘿蔔2+蕃茄2+包心菜2+小黃瓜2
清脆沙拉,紅蘿蔔2+蕃茄2+包心菜2+小黃瓜2
海藻沙拉,海藻2+紅蘿蔔2+小黃瓜2+蕃茄2+包心菜2
秘密的沙拉,包心菜3+蕃茄3+紅蘿蔔3+小黃瓜3+蛋3
香料沙拉,紅蘿蔔3+小黃瓜3+蕃茄3+包心菜3+胡椒3
我家沙拉,蘆筍3+白菜3+鹽3+油3+胡椒3
特製沙拉,蘆筍3+包心菜3+鹽3+油3+胡椒3
新鮮的沙拉,紅蘿蔔4+蕃茄4+小黃瓜4+包心菜4
美味魚的味增湯,水4+豆4+魚4+包心菜4+鹽4
辣味魚肉味增湯,水4+豆4+魚4+包心菜4+鹽4
淡的魚味噌湯,水3+豆3+魚3+包心菜3+鹽3
甜的魚味增湯,水2+豆2+魚2+包心菜2+鹽2
熱的魚味噌湯,水1+豆1+魚1+包心菜1+鹽1
美味蔬菜味噌湯,水4+豆4+蕃茄4+包心菜4+鹽4
青菜辣味噌湯,水4+豆4+蕃茄4+包心菜4+鹽4
青菜甜味增,水3+豆3+紅蘿蔔3+包心菜3+鹽3
熱蔬菜味噌湯,紅蘿蔔1+包心菜1+豆1+鹽1+水1
甜味蔬菜味噌湯,紅蘿蔔2+包心菜2+豆2+鹽2+水2
味增湯,水1+鹽1+豆1+海藻1
螃蟹味增湯,水4+鹽4+豆4+海藻4+蟹4
肉三明治,肉1+蟹1+橡樹果1+白菜1
特製三明治,肉2+青蛙2+魚2+蝦2+橡樹果2
乾燥的沙拉,橡樹果1+白菜1+蕃茄1+黃瓜1
什錦三明治,橡樹果2+白菜2+肉2+魚2+蛋2
水果三明治,橡樹果2+包心菜2+草莓2+梨子2+蟹2
蔬菜三明治,橡樹果2+包心菜2+蕃茄2+黃瓜2
三明治便當,橡樹果2+白菜2+蕃茄2+蛋2+鹽2
味道爽口的蔬菜湯,水3+胡椒3+紅蘿蔔3+包心菜3+鹽3
清爽蔬菜湯,水2+胡椒2+紅蘿蔔2+包心菜2+蔥2
苦的菜湯,水1+紅蘿蔔1+胡椒1+包心菜1+炭1
很好喝的加米湯,水3+米4+胡椒3
白米鮮味高湯,水4+米4+胡椒4
嫩肉湯,肉1+水1+鹽1+生薑1
精心燉煮的湯,魚2+水2+鹽2+生薑2
活力湯,肉2+水2+鹽2+大蒜2
份量十足的湯,肉3+水2+鹽2+魚3
隨便煮煮湯,肉1+水1+黃瓜1+海藻1
美食湯,水4+蟹4+花枝4+胡椒3
美味湯,水3+蟹3+蝦3+胡椒3(風城旅館102.78｜水城旅館18.47有賣)
超級辣湯,水2+肉2+鹽4+胡椒4
燉蔬菜高湯,蝦4+胡椒4+水4+包心菜4+紅蘿蔔4(火城旅館80.36｜地城旅館西南區28.12有賣)
雜煮味增,豆3+白菜3+米3+水3+炭3
味道爽口的加米湯,米3+水3+胡椒3
清爽米湯,米2+水2+胡椒2
熱米湯,米1+水1+胡椒1
很腥的湯,魚1+胡椒1+黃瓜1+水1
痛辣湯,水2+肉2+鹽2+胡椒2
剩飯湯,水1+紅蘿蔔1+胡椒1+米1
綠汁,青椒2+包心菜2+蔥2
便宜的香草茶,香草1+水1+木炭1
普通的香草茶,香草2+水2+木炭2
高級香草茶,香草3+水3+木炭3
便宜咖啡,豆1+水1+木炭1
普通的咖啡,豆2+水2+木炭2
高級咖啡,豆3+水3+木炭3
生薑水,生薑1+糖1+水1
祝福酒,米3+水3+蝦3
豆漿,豆1+鹽1
天然桃子水,桃子1+水1
小黃瓜湯,黃瓜1+水1
多多出產的小黃瓜汁,黃瓜4+水4
豪邁的炒青菜,油4+炭3+青椒4+包心菜4
香料炒蔬菜,油4+炭3+青椒4+包心菜4+胡椒4
生炒蔬菜,油3+炭1+青椒3+包心菜3
味道爽口的炒青菜,油2+炭2+青椒2+包心菜2
簡單的炒青菜,油1+炭1+青椒1+包心菜1
水果拼盤,桃子1+蘋果1+草莓1+葡萄1+櫻桃1
橡樹果料理,橡樹果1+油1
酸水果,桃子3+蘋果3+草莓3+梨子3+葡萄3+櫻桃3+橘子3+柿子3
成熟水果,梨子4+蘋果4+櫻桃4+葡萄4
葡萄乾,葡萄1+木炭1
1世紀梨,梨子1+水1
海星梨,海星3+梨子3
勾玉巧克力,豆子1+糖1+香草1+炭1
蛋型巧克力,豆子2+糖2+香草2+炭2
巧克力片,豆子3+糖3+香草3+炭3
圖騰巧克力,豆子4+糖4+香草4+炭4
餅乾,橡樹果1+炭1+糖1+油1+蛋1
果汁軟糖,蛋1+水1+糖1+香草1
勾玉糖,草莓1+糖1+炭1(或:橘子1+糖1+炭1)
跳躍青蛙,青蛙1+油1
豆沙棗泥月餅,豆3+糖3+油3+炭3+水3
鐵人的關東煮,螃蟹4+章魚4+蝦子4+串4+水4
鏡年糕,米4+炭4+橘子4+海藻4
山菜年菜,肉3+地瓜3+竹筍3+紅蘿蔔3+香菇3
海產年菜,蝦3+魚3+海藻3+章魚3+貝3
豪華年菜,蝦4+蟹4+肉4+櫻桃4+竹筍4
很好喝的魚肉湯,水3+魚3+胡椒4+香草4+貝3(風城旅館102.78｜水城旅館18.47有賣)
街煮蘑菇,香菇3+豆3+馬鈴薯3+水3
大城市的煮蘑菇,香菇4+豆4+地瓜4+水4
很好吃的牛肉燉煮,肉3+大蒜3+油3+水3
獨門秘方牛肉燉煮,肉4+肉4+肉4+大蒜4+油4+水4(伊甸園旅館39.115有賣)
肉粽,肉4+油4+鹽4+米4+蛋4
沾糖吃的粽子,米3+糖3+蛋3
原始粽子,肉2+米2+蛋2
大補飯團,肉4+米4+海藻4+水4
赤飯,米4+豆4+炭4+水4
豪華遊樂套餐,肉2+蛋2+魚2+貝2+米2
健康的溫蔬菜,水4+紅蘿蔔4+香菇4+白菜4+茄子4
煮了很久的蔬菜,紅蘿蔔4+茄子4+地瓜4+香菇4+水4(火城旅館80.36｜地城旅館西南區28.12有賣)
豪華海鮮串,串4+炭4+章魚4+花枝4+貝4
出乎意料的混合串燒,串4+炭4+海星4+青蛙4+蜥蜴4
豪華綜合串燒,串3+炭3+青椒3+肉3+青蛙3
綜合章魚串燒,串2+炭2+紅蘿蔔2+青椒2+章魚2
混合串燒,串1+炭1+馬鈴薯1+肉1+蔥1
即席魚肉串燒,串2+炭2+魚2+鹽2(伊甸園旅館39.115有賣)
烤焦的魚串燒,串1+炭1+魚1+鹽1
海星的鹽味串燒,串1+炭3+海星1+鹽1
即席海星串燒,串2+炭2+海星2+鹽2(伊甸園旅館39.115有賣)
燒焦海星串燒,串1+炭3+海星1+鹽1
螃蟹的鹽味串燒,串1+炭3+蟹1+鹽1
即席螃蟹串燒,串2+炭2+蟹2+鹽2(伊甸園旅館39.115有賣)
烤焦的螃蟹串燒,串1+炭1+蟹1+鹽1
蝦子的鹽味串燒,串2+炭2+蝦2+鹽2
即席蝦子串燒,串2+炭2+蝦2+鹽2
烤焦的蝦子串燒,串1+炭1+蝦1+鹽1
蜥蜴的鹽味串燒,串2+炭2+蜥蜴2+鹽2
烤焦的蜥蜴串燒,串1+炭1+蜥蜴1+鹽1
鹽味花枝串燒,串2+炭2+花枝2+鹽2
即席花枝串燒,串2+炭2+花枝2+鹽2
烤焦的花枝串,串1+炭1+花枝1+鹽1
鹽味章魚串燒,串2+炭2+章魚2+鹽2
即席章魚串燒,串2+炭2+章魚2+鹽2(伊甸園旅館39.115有賣)
烤焦的章魚串燒,串1+炭1+章魚1+鹽1
蘑菇的鹽味串燒,串2+炭2+香菇2+鹽2
即席香菇串燒,串2+炭2+香菇2+鹽2(伊甸園旅館39.115有賣)
烤焦的香菇串燒,串1+炭1+菇1+鹽1
一條小魚串,串1+魚1+炭1(風城旅館102.78｜水城旅館18.47有賣)
肉串,肉2+串2+炭2
肥肉串,肉3+串3+炭3
好吃海鮮串,魚3+螃蟹3+花枝3+串3+炭3
內臟串煮,肉1+串1+水1
肉蔥串,肉1+蔥1+鹽1+串1
穿貝殼,貝2+串2
味道非常酗的水果酒,葡萄4+水4+生薑4+糖4+大蒜4
苦的水果酒,草莓3+葡萄3+水3+梨子3+糖3
甜的水果酒,草莓2+葡萄2+水2+桃子2+糖3
水果酒,櫻桃3+葡萄2+水2+桃子2+糖3
濁酒,水1+米2+蜥蜴1
涼酒,水3+米3
冷酒,水3+米3
蛋酒,水3+米3+蛋3
三色串,串1+蛋1+馬鈴薯1+蜥蜴1+木炭1(火城旅館80.36｜地城旅館西南區28.12有賣)
五色串,串2+蛋2+馬鈴薯2+青蛙2+木炭2
白雪蘋果,蘋果1+蜥蜴1
魚糕,魚1+鹽1
青魚子,魚4+蛋4
乾柿,柿子1+串1
大塊肉串燒,串4+肉4+炭4+生薑4
即席獸肉串燒,串2+炭2+肉2+鹽2
鹽味獸肉串燒,串2+炭2+肉2+鹽2(火城旅館80.36｜地城旅館西南區28.12有賣)
烤焦的獸肉串燒,串1+炭1+肉1+鹽1
洋芋片,馬鈴薯4+油4+鹽4
生日蛋糕,蛋2+草莓2+糖2+水2
水果蛋糕,橡樹果4+糖4+草莓4+櫻桃4+蛋4
蘋果糖,蘋果1+水1+糖1
櫻桃糖,櫻桃1+水1+糖1
團子,串2+橡樹果2+糖2
紅豆糰子,豆3+橡樹果3+糖3+串3
芋頭糰子,串4+橡樹果4+糖4+地瓜4
大福,米2+豆2+糖2
草莓大福,米2+豆2+糖2+草莓1
爆豆子,豆2+油2
薑板,生薑1+糖1
卡琳糖,橡樹果2+糖2
蘋果棒,馬鈴薯4+蘋果4
蘋果點心,蘋果4+香草4
俄式寵物食物1,肉2+魚1
俄式寵物食物2,肉3+魚2+橡樹果3+海藻4
高級寵物食品,忠誠Ａ+忠誠Ｂ+橡樹果4+肉4+魚4
噴嚏元素,胡椒4+鹽4
燉肉高湯,(伊甸園旅館39.115有賣)
燉魚高湯,(風城旅館102.78｜水城旅館18.47有賣)
高級螃蟹球,蟹4+炭4+鹽4+蛋4
烤霜降牛肉,炭4+胡椒4+紅蘿蔔4+馬鈴薯4+最棒的肉(打英雄島怪會掉)
可怕的大鍋煮,水3+肉3+蛋3+蜥蜴3+魚3
半熟的牛排,大蒜3+胡椒3+炭4+肉3(可用半熟的牛排腳本)
烤松露,串3+香菇3+炭3+胡椒3
醃漬的保存肉,肉4+鹽4+炭4
香料牛排,大蒜4+胡椒4+炭4+肉4
灼熱烤貝殼,貝3+炭3
熱騰騰的飯團,米2+鹽2+水2+海藻2(火城旅館80.36｜地城旅館西南區28.12有賣)
滿腹肉,肉4+大塊肉(打英雄島9x雷)
美味魚肉味噌湯,水4+豆4+魚4+包心菜4+鹽4
甜味魚的味噌湯,水2+豆2+魚2+包心菜2+鹽2
毛豆,鹽1+水1+豆子1
很好喝的肉湯,肉3+水3+胡椒4+香草4
南瓜派,蛋4+糖3+南瓜4
南瓜湯,糖4+水4+南瓜4
#######################################################
######素材
#######################################################
骨的化石,無名洞窟３Ｆ　81-90邦奇諾、利則諾頓
龍骨的化石,無名洞窟３Ｆ　81-90邦奇諾、利則諾頓｜伊甸莊園可買
稀少的龍骨,庫塔伊洞窟地下２Ｆ　131-135哥斯哥斯｜伊甸莊園可買
發光的鈍石,蒙達山地下通道　8X龜之鋼、貝洛金
發紅光的石,碧青洞窟１４Ｆ、水蒼洞窟　55-65史多拉奇頓｜火城莊園可買
有光暈的紅石,碧青洞窟１４Ｆ、水蒼洞窟　55-65加格｜火城莊園可買
靈木,方位之祀　45-48特洛昆
神木,琉璃洞窟９Ｆ　53-66貝洛洛克｜風城莊園可買
特選神木,琉璃洞窟１３Ｆ　53-66利則諾頓｜風城莊園可買
月之牙,玄黃洞窟１４Ｆ　54-65貝魯伊卡
太陽之牙,深紅洞窟８Ｆ　57-65格魯西斯｜火城莊園可買
光之牙,水壩南方洞穴　85-105巴朵蘭恩｜火城莊園可買
點不燃的皮,福爾德村外　40-42格爾頓
耐用的皮,漆黑洞窟２０Ｆ　86-95邦浦洛斯｜風城莊園可買
最好的皮,漆黑洞窟６～７Ｆ　95-96布魯頓｜風城莊園可買
強的繩,薩村24店買
粗的繩,五兄弟洞窟　56-58布伊比｜伊甸旅館可買
切不斷的繩,漆黑洞窟４Ｆ　86-95揚奇洛斯｜伊甸旅館，伊甸莊園可買
最堅實的繩,火山洞窟３Ｆ　90-95楊格斯｜伊甸莊園可買
古代花,伊甸大陸西方　65-75芭拉芭
千年花,吉魯島大象區　81-84恩摩摩｜加加莊園可買
不知名的花,水壩洞窟邊波拉山谷　95-105拉伊霍恩｜加加莊園可買
年代久遠的殼,玄黃洞窟７Ｆ　54-65龜之盾
千年龜的殼,巴拿姆地下洞窟　55-58石龜｜漁村莊園可買
未知的殼,巴拿姆地下洞窟３Ｆ　55-58加克拉｜漁村莊園可買
不可思議的鱗,琉璃洞窟１Ｆ　53-66洛奇安
龍之鱗,深紅洞窟８Ｆ　57-65多洛加｜水城莊園可買
聖獸之鱗,沒落的礦坑３～４Ｆ　43-45奇拉頓｜水城莊園可買
猛獸的爪,拉多拉洞窟　51-59加比奧
龍之爪,拉多拉洞窟　51-59加比｜薩村莊園可買
最強之爪,吉魯島蛙洞地下４Ｆ　35-50里昂蛙｜薩村莊園可買
千年樹的葉,阿斯瑪魯礦山４Ｆ　50-55卡拉卡利
世界樹的葉,阿斯瑪魯礦山４Ｆ　50-55卡克爾｜卡魯莊園可買
夢之樹的葉,亞伊歐城區　48-54立杜魯斯｜卡魯莊園可買
柔軟的黏土,薩村24店買
古代的黏土,吉魯採石場６Ｆ　55-61瑪恩摩
創造的黏土,吉魯採石場６Ｆ　51-61恩摩摩｜地城莊園可買
夢幻的黏土,伊甸大陸西方190.140附近　7x裘里蛙｜地城莊園可買
海的三連貝,英雄島海邊　90-95　加克拉
天空的三連貝,英雄島海邊　100-105薩美洛斯｜水城莊園可買
神秘的三連貝,凱菈村　80-85砂鯊｜水城莊園可買
非常棒的水晶,卡坦村90.90可以買
神秘的水晶,夢幻洞窟　35-45冒險者
最上級的水晶,飛龍洞３Ｆ　80-81帖拉格恩｜地城莊園可買
夢幻級的水晶,帕拉火洞窟１Ｆ　135-140斑尼迪克｜地城莊園可買
水青果,哥亞山洞窟1樓(可用哥亞山洞窟腳本) 10-13卡拉寶斯
麻黃果,迷幻洞窟(傳卡坦村到99.97進去水井) 30-31多洛加
金線果,碧青洞窟地下9樓(薩村貝殼傳送碧青地下15樓再往下走) 61-62蘭貝魯斯(可用金線果腳本)
新月果,50年前英雄島海邊 100-105拉可拉斯｜霍村68.45可以買
雙星果,凱菈村內海邊 101-105萊姆洛斯｜水城莊園可以買
水青芽,柯奧山的小洞窟(傳科奧村出門口走到328.633) 10-12卡梅蘭恩
麻黃芽,阿布洞窟1樓(傳送烏龜區) 28-30綠龜
金線芽,往大象區的洞窟內(傳大象區往左上走) 80-81加寶格恩
新月芽,漆黑洞窟 100帖拉所伊朵｜霍村68.45可以買
雙星芽,帕拉火洞窟 126-130撲滿烏力｜火城莊園可以買
水青藻,東柯爾克的坑道 10-11卡達魯卡斯
麻黃藻,龍的巢穴1樓(薩村傳烏魯力村出門口到433.742) 30-35邦洛洛克斯
金線藻,花花世界(傳大象區) 82-84瑪摩那斯
新月藻,漆黑洞窟 85-87朵洛將恩｜霍村68.45可以買
雙星藻,庫塔伊洞窟地下1F 126-130嘎吱拉｜地城莊園可以買
水青蕨,森林洞窟1樓(傳塔姆塔姆出門口到452.163) 10-13鮑
麻黃蕨,拉多拉迴廊(可用冒險公會傳送爪10下一樓) 25-28加美
金線蕨,玄黃洞窟13樓(可用冒險公會可傳牙9下一樓) 62-64鮑
新月蕨,水霸洞窟 95-105斯天多斯｜霍村68.45可以買
雙星蕨,凱菈村 106-110布伊倫斯｜風城莊園可以買
鐵礦,伊甸園對外聯絡通道 古斯特｜各水晶洞窟也可以打到
銅礦,伊甸東方大陸 史凱勒頓
鑽石礦,漆黑洞窟20樓 機暴(可用冒險者公會傳送)
綠寶石礦,伊甸西方 90-96梅爾頓 芭拉芭(可用冒險者公會傳送)
藍寶石礦,伊甸南方 8X-9X迪基格斯 迪米布斯 迪布恩(可用冒險者公會傳送)
紅寶石礦,弗烈頓城區 8X-9X耶魯普 朵巴奈特(可用冒險者公會傳送)
黃寶石礦,凱蒞村 10X布依倫斯 瑪斯貝卡(可用冒險者公會傳送)
粗糙的砂,薩村24H便利商店的素材店可買到
潮濕的砂,薩村24H便利商店的素材店可買到
細的砂,薩村24H便利商店的素材店可買到
乾燥的砂,薩村24H便利商店的素材店可買到
美麗的砂,薩村24H便利商店的素材店可買到
閃耀的砂,薩村24H便利商店的素材店可買到
光輝的砂,薩村24H便利商店的素材店可買到
海之砂,薩村24H便利商店的素材店可買到
朝露的水滴,薩村24H便利商店的素材店可買到
雨水的水滴,薩村24H便利商店的素材店可買到
湧泉的水滴,薩村24H便利商店的素材店可買到
融雪的水滴,薩村24H便利商店的素材店可買到
清水的水滴,薩村24H便利商店的素材店可買到
蒸餾水的水滴,薩村24H便利商店的素材店可買到
地下水的水滴,薩村24H便利商店的素材店可買到
聖水的水滴,薩村24H便利商店的素材店可買到
火藥草,薩村24H便利商店的素材店可買到
火之粉草,薩村24H便利商店的素材店可買到
火花草,薩村24H便利商店的素材店可買到
燈火草,薩村24H便利商店的素材店可買到
火炎草,薩村24H便利商店的素材店可買到
燃火草,薩村24H便利商店的素材店可買到
紅蓮草,薩村24H便利商店的素材店可買到
烈火草,薩村24H便利商店的素材店可買到
凱比的羽毛,薩村24H便利商店的素材店可買到
凱比特的羽毛,薩村24H便利商店的素材店可買到
烏寶寶的羽毛,薩村24H便利商店的素材店可買到
火雞的羽毛,薩村24H便利商店的素材店可買到
霍爾克的羽毛,薩村24H便利商店的素材店可買到
加美的羽毛,薩村24H便利商店的素材店可買到
加斯的羽毛,薩村24H便利商店的素材店可買到
剋剋洛斯的羽毛,薩村24H便利商店的素材店可買到
腐爛的草,霍特爾村道具店可買到
更腐爛的草,霍特爾村道具店可買到
毒人蔘,霍特爾村道具店可買到
強力的毒人蔘,霍特爾村道具店可買到
鈴蘭草,霍特爾村道具店可買到
強力的鈴蘭草,霍特爾村道具店可買到
蔓陀蘿根,霍特爾村道具店可買到
強力的蔓陀蘿根,霍特爾村道具店可買到
引袖草,霍特爾村道具店可買到
接著草,霍特爾村道具店可買到
麻痺草,霍特爾村道具店可買到
切足草,霍特爾村道具店可買到
硬化草,霍特爾村道具店可買到
固定草,霍特爾村道具店可買到
岩石草,霍特爾村道具店可買到
化石草,霍特爾村道具店可買到
雙子草,卡坦村迷幻洞穴最底部可買到
忘記草,卡坦村迷幻洞穴最底部可買到
迷惑草,卡坦村迷幻洞穴最底部可買到
回神草,卡坦村迷幻洞穴最底部可買到
吹霧草,卡坦村迷幻洞穴最底部可買到
不知草,卡坦村迷幻洞穴最底部可買到
不歸草,卡坦村迷幻洞穴最底部可買到
怪物草,卡坦村迷幻洞穴最底部可買到
微醉草,柯奧村道具店可買到
蹣跚草,柯奧村道具店可買到
微笑草,柯奧村道具店可買到
酒醉草,柯奧村道具店可買到
宴會草,柯奧村道具店可買到
月醉草,柯奧村道具店可買到
大虎草,柯奧村道具店可買到
泥醉草,柯奧村道具店可買到
微香草,柯奧村道具店可買到
小憩草,柯奧村道具店可買到
夜夜草,柯奧村道具店可買到
春眠草,柯奧村道具店可買到
追暗草,柯奧村道具店可買到
越冬草,柯奧村道具店可買到
打盹草,柯奧村道具店可買到
作夢草,柯奧村道具店可買到
#######################################################
######寵物
#######################################################
卡拉寶斯,哥亞山洞窟(流浪之家也可抓)
克洛爾,加加村莊園外(流浪之家也可抓)
布克布克,恐龍博士的任務(流浪之家也可抓)
貝魯卡,琉璃洞窟入口附近(流浪之家也可抓)
格魯西斯,福爾德村外(流浪之家也可抓)
瑪摩那斯,薩村傳小象區(流浪之家也可抓)
瑪恩摩洛斯,傳大象區直接抓(流浪之家也可抓)
特洛昆,卡坦外(流浪之家也可抓)
達克爾,卡坦村門口外(流浪之家可抓)
貝洛恩,阿布洞窟3樓(薩村傳烏龜區上樓，流浪之家也可抓)
貝洛洛克,阿布洞5樓(流浪之家可抓)
貝洛寶利,深紅6F(流浪之家可抓)
阿哥亞,深紅6樓(薩村傳深紅9樓往下走)｜現代波拉島229.357(流浪之家也可抓)
拉奇魯哥,冒險者水晶旁(流浪之家也可抓)
布洛多斯,50年前波拉島(流浪之家也可抓)
布林帖斯,50年前波拉島海邊(攜帶濤之石)，漆黑洞窟(流浪之家也可抓)
貝魯伊卡,琉璃洞窟入口附近(流浪之家也可抓)
恩摩摩,漆黑洞窟外(流浪之家可抓)
格爾頓,傳福爾德去村外就可以抓(流浪之家也可抓)
格爾格,無名洞窟地下2樓抓(流浪之家也可抓)
齊爾格爾頓,吉魯島象洞附近238.75(只能抓1級，流浪之家也可抓)
卡卡金寶,傳福爾德去庫依老爺爺的家後面的黑蛙洞窟1F就可以抓(流浪之家也可抓)
奇拉頓,沒落礦坑(流浪之家也可抓)
霍爾克,奇努伊村外(流浪之家也可抓)
奇寶,霍特爾村外(流浪之家也可抓)
火雞,霍特爾村外(流浪之家也可抓)
克克洛斯,奇喀喀村外(流浪之家也可抓)
柯伊達,柯爾克礦坑(流浪之家也能抓)
烏卡魯,卡魯它那村外(流浪之家也可抓)
尼可斯,阿魯姆山的洞窟，方位之祠(流浪之家可抓)
多薩金格,冒險者水晶旁(流浪之家可抓)
修寶,卡坦的願望任務(流浪之家也可抓)
卡梅蘭恩,科奧山的小洞窟(流浪之家也可抓)
龜之盾,薩村傳願藏前(流浪之家也可抓)
石龜,科奧山的小洞窟(流浪之家也可抓)
綠龜,傳院藏前(流浪之家也可抓)
里斯基,卡魯它那村外|水蒼洞窟(流浪之家也可抓)
布拉奇多斯,沙姆島(流浪之家也可抓)
威伯,卡魯它那村出生寵(流浪之家也可抓)
瑪恩摩,傳大象區直接抓(流浪之家也可抓)
威威,加加村外面(流浪之家可以抓)
烏寶寶,加加村外(流浪之家也可抓)
布比,霍特爾村外(流浪之家也可抓)
奇卡寶斯,阿斯瑪魯礦山6樓(流浪之家也可抓)
克雷爾,卡魯它那村外|琉璃洞窟(流浪之家也可抓)
卡伯,淚之海146.22(淚之海一進去入口附近)
那提拉,淚之海148.41(淚之海一進去入口附近)
康爾特,淚之海148.74
洛斯克,淚之海148.74
史比特,淚之海148.74
多爾克,淚之海132.88
史菲洛,淚之海159.83
沙列克,淚之海159.83(可用沙列克腳本)
西柏克,淚之海226.94(從奇喀喀下淚之海後往東走)
伯洛西,淚之海262.70
史卡魯,淚之海262.70(可用抓飛魚腳本)
羅多克雷,淚之海262.70(可用抓土龍腳本)
西斯達,淚之海326.26(只能抓1級)
貝瑞里,淚之海363.115(傳史東爾換氣道往左走比較快)(只能抓1級)(可用抓貝瑞里腳本)
斯達克,淚之海358.167(傳史東爾換氣道往左走比較快)(只能抓1級)
特雷沙,淚之海377.196(傳史東爾換氣道往左走比較快)
多瑞里,淚之海74.366(傳史東爾換氣道往下走比較快)(要打火魚龍過去，只能抓1級)(可用海底打融合寵藥劑腳本跑過去)
史卡特,淚之海118.275(傳史東爾換氣道往下走比較快)(要打火魚龍過去，只能抓1級)
邦洛洛克斯,薩村外365.440
諾斯多洛斯,福村29.34門口出去再到247.223無名洞窟地下1樓就可抓
多格斯,沙己夫換氣道26.28(海寵蛋傳過去就可以抓了)
邦奇諾,無名地下3樓(冒險者工會傳骨10)
伊古雷,夢工廠8.141，或78.58，或103.86，或94.81
朵拉比斯,金飛任務
塔斯夫,傳送伊甸園去185.113門口出去門口附近
多利諾布斯,加加村下面門出去489.384
卡克爾,奇喀喀村附近81.1140
呼薩瑞,沙已夫換氣道17.30(只能抓1等的)
洛克斯,天空之島水之界
里昂蛙,天空之島火之界
裘里蛙,伊甸大陸西方(冒險者工會可傳送，過橋235.114就可遇到)
格里蘭,伊甸大陸東方48.373(冒險公會可傳送銅礦)
摩里,伊甸大陸東方48.373(冒險公會可傳送銅礦)
多利凱拉,漁村左邊的門出去就可以抓了
貝恩達斯,漁村左邊的門出去就可以抓了
邦司涼朵,夢工廠94.81，或96.86，或94.77，或78.64，或103.86
華可洛,夢工廠42.75
玻洛布斯,地城外
塔克,沙己夫5樓7.13(只能抓1級)
洛奇安,琉璃13F
戈登爾頓,玄黃洞窟10樓45.36或42.28(只能抓1等，可冒險公會傳殼9走上去，或夢工廠41.15)
卡達魯卡斯,薩村傳院藏前然後到411.339說話進洞開始抓
呼拔拔,霍特爾村外
帖拉格恩,大象區上面洞窟
卡拉卡利,塔姆塔姆村往下走452.162森林洞窟4樓門口就能抓了
阿伊薩,漆黑7F(可冒險工會傳皮11，可用阿伊薩腳本)
毛寶,冒險公會傳葉11走到85.29斯洛克洞窟3樓
朱利洛斯,伊甸傳水城出門口就可以遇到了
史多拉奇頓,碧青洞窟14樓(薩村傳碧青15樓往下走)
邦恩吉,薩村傳福爾德村進海底洞窟直接抓
雷比特,夢工廠103.86
柏洛德,夢工廠71.124
多洛布斯,夢工廠66.114(機率低請鎖定抓)，或51.11，或13.120，或8.128
伊夫霍恩,現代波拉島211.368(薩村傳海主人走到奇努伊村跟38.77說傳送米蘭達)(機率比較低要有耐心)
邦恩多斯,五十年前波拉島黑烏力附近就可以抓了
呼魯魯,伊甸園西方出口直接抓
格洛格魯,漆黑11樓(可冒險公會傳皮11再往上走4樓)
蘭貝魯斯,傳送漁村出門口走到134.421進去就可以抓了
司爾頓,蒙達山抓(可用蒙達山腳本跑過去，一進去就能抓了)
艾斯坦,夢工場128.75抓1級
鮑,傳送塔姆塔姆出門口到452.162森林洞窟2樓
立杜魯斯,亞伊歐城出門口就可以抓了
白虎,0轉140~4轉140打薩村百人頂樓拿寶石，5轉140帶著五色寶石跟同一個NPC換取(道具可交易)
布魯寶,薩村傳柯奧村出門口到549.637跟NPC說話進去水田迷宮一進去就能抓了
波波頓,蒙達村海底通道(可冒險公會傳石9右邊洞口進入海底通道1.4就能抓了)
摩酷羅,夢工廠132.33(機率比較高)
奧卡洛斯,水霸南方洞窟(可冒險工會傳牙11)
海主人,傳送海主人區直接抓
姆伊,傳送海主人區直接抓
多利可斯,夢工廠88.32(可順便抓風狼，風獅子)
克邦凱斯,英雄島海邊
艾柏瑞,薩村92.99跟貝殼說話傳送史東換氣道44.15(只能抓1等)
薩美洛斯,50年前英雄島
梅魯莎,福村左上海底洞窟
昆伊,薩村外面可抓
凱比特,薩村外面可抓
烏力斯坦,漁村外面可抓
烏力,漁村外面可抓
摩米索拉,夢工廠68.65，或128.75，或141.41，或37.144
#######################################################
######合成
#######################################################
若絲盾牌,皮6＋線6＋骨6
若絲腰帶,皮6+線6+牙6
若絲鞋,石6+皮6+線6
白石盾牌,提歐Lv1鎧7(競技場座標9.5買)+氣瓶60
白石腰帶,皮7+線7+爪7
白石鞋,皮7+骨7+牙7
合成服 9,薩村24H，皮8+線8，可用合成服9腳本
合成防具 9,皮8+線8，如果合成到服7的話，可以服7+皮8+線8，有可能出服8，服8的話一樣，皮8+線8，有可能合出服9，可以用合成服9腳本
合成投擲斧頭 9,石8+木8
合成石 9,石8+皮8 (非常難合)  失敗物的合法:兜10x2，合成石7+兜10，合成鎧9x2，合成石8+花8，合成迴旋標8x2
#######################################################
######其他
#######################################################
花卉用小鏟子,到薩村116.101找阿喇吉接任務，再去塔姆塔姆村55.89找布鲁斯他就會给你了
香味撲鼻的花,薩村找阿喇吉116.101接任務，再去塔姆塔姆村找布魯斯55.89拿鏟子，再傳送大象區打怪就會拿到
發酵完成的水果,薩村116.101跟阿喇吉接任務，然後傳加加村出門口到568.245洞窟，到3樓25.23打倒哥達就拿到了
魅力橘子,可用無會員補魅力腳本，打完NPC回村就按暫停，不然他會吃掉
薩頓家的秘藥,老人薩頓的請求任務(跟八卦的青年對話後可重複解)
麻痺解藥,逃走的呼拔拔任務
逃走呼拔拔的骨,逃走的呼拔拔任務
卡娜的木笛,強恩一族任務
馬倫的葡萄,薩村傳奇喀喀村到58.75房子裡找馬倫拿食物，再出門口到310.915抓卡特利奴，抓到把他改名加特力奴，再回去找馬倫交任務
折斷的斧頭,伐木任務
杉的手環,伐木任務(可用伐木任務腳本，但必須使用其他腳色因為要空全部道具欄)
超特級礦石,傳願藏前 在門口買超特級採石權利書 進洞窟上3樓打超特級礦石會掉
美魯娜礦石,吉魯島小豬愛情任務，解過直接傳福村再去31.51傳東吉魯，走到447.405進洞窟左轉上2樓到43.42直接跟他買
加特洛礦石,吉魯島小豬愛情任務，解過直接傳福村再去31.51傳東吉魯，走到383.432進洞窟左邊上2樓到43.21直接跟他買
卡魯娜礦石,吉魯島小豬愛情任務，解過帶著不可思議的貝殼傳福村再去31.51傳東吉魯，走到447.405進洞窟左轉上2樓買美魯娜礦石，再走到383.432進洞窟左邊上2樓買加特洛礦石，再去沒落的礦坑(444.494)五樓兌換
烏力手環,要先解過小豬愛情故事，再去吉魯島沒落的礦坑五樓找加洛接烏力王任務就有了
勇士火鍋,先到福村外342.372，附近打黃人龍拿爪，再到達那村門口打兩色人龍拿兩種爪，最後再回達那村內36.30找皮爾交任務
鐵塊,四大水晶洞都會掉鐵礦，2個鐵礦融成鐵塊，火城109.22提煉
風的手鐲,解過成人禮到玄黃六樓(可用冒險公會傳殼9)再走到5.43說話傳送過去，再說話傳送回來，就有風的手鐲了(記得先準備羽毛因為會不能回記錄點)
迷人香草,環島，賭博
寵物的最愛,環島
龍骨皮甲手套,福村外打格爾頓拿皮9，再去伊甸莊園買骨10，薩村買線8，水6，黏土4，然後準備5萬石幣，最後去薩村外405.466給艾爾斯
水藍皮甲手套,奇喀喀村村外110.1020找到艾爾登，需要：點不然的皮(福村外打格爾頓)、線8、水6、黏土4、5W石幣、藍色珊瑚(淚之海沙己夫洞窟2F找貝恩斯紅水母80.14換取，需要：藍色珊瑚碎片1(淚之海198.97打史比特)+藍色珊瑚碎片2(淚之海290.68打卡特)+藍色珊瑚碎片3(淚之海65.372打艾斯坦))
柳牙之槍,精召獎品
柳牙兜,精召獎品
陽熾之槍,精召獎品
雪淚弓箭,精召獎品
蟒蛇之冠,法師轉職裝備
巨熊石劍,白狼轉職裝備
英雄之藥,英雄戰場20F
指環皮革手套,英雄戰場20F
單指護甲手套,英雄戰場40F
五指皮甲手套,英雄戰場60F
調查20只材料恐龍的證明書,卡魯他那牧場任務
里奧的願藏娃娃9/10次,可用里奧任務腳本
威士忌,幹譙龍任務(可用解酒腳本)
尚青啤酒,幹譙龍任務(可用解酒腳本)
白蘭地,幹譙龍任務(可用解酒腳本)
高梁酒,幹譙龍任務(可用解酒腳本)
雞尾酒,幹譙龍任務(可用解酒腳本)
伏特加,幹譙龍任務(可用解酒腳本)
布伊比的牙,訐譙龍任務(可用解酒腳本)
治癒之水,卡坦村座標(94.74)找迪克對話
超級甜的月餅,雙頭狼任務
採鹽證,鹽礦任務(解完再拿藥草給地城NPC可以再取得)
結婚蛋糕,先到科奧村78.55找伊芙麗接任務，然後做一個愛情御飯團(海藻2+水2+米2)拿去卡坦村95.81給吉爾，然後做一個合成戒指1(黏土1+貝殼1+鱗1)拿去給伊芙麗
鐵壁之石,到北島392.464抓1等邦洛洛克斯，再到漁村63.77交任務
吉爾的槍,薩村傳烏龜區，然後上7樓打守衛，有點難掉，可用阿布洞守衛腳本一直打
烏魯夫的鎧,薩村傳烏龜區，然後上7樓打守衛，有點難掉，可用阿布洞守衛腳本一直打
魯德的兜,薩村傳烏龜區，然後上7樓打守衛，有點難掉，可用阿布洞守衛腳本一直打
阿布的水,薩村傳烏龜區，然後上7樓打守衛，可用阿布洞守衛腳本，打一次自己停止就好
仙人釣竿,身上要有杉的手環，到加加村外面403.253打樹木，打曼模竿，然後再去打海主人拿線，最後到漁村找76.109老人做，記得白天去
名人的釣竿,身上要有杉的手環，到加加村外面403.253打樹木，打卡庫爾竿，然後再去打海主人拿線，最後到漁村找76.109老人做，記得白天去
工匠釣竿,身上要有杉的手環，到加加村外面403.253打樹木，打特沙金竿，然後再去打海主人拿線，最後到漁村找76.109老人做，記得白天去
有氣勢的魚,身上要有杉的手環，到加加村外面403.253打樹木，打曼模竿，然後再去打海主人拿線，最後到漁村找76.109老人做仙人釣竿，記得白天去，再到41.63拿釣竿換魚
回魂之玉,烏魯力村65.69找皮洛接任務，再到阿魯姆山的洞窟找哈恩拿鑰匙，再回去找皮洛
安眠藥,傳加加村到112.66接任務，再到薩村醫院左邊老人拿草藥，再到森林洞窟頂樓16.21拿藥粉，再回去交任務就好了(可用光之石腳本跑去森林洞窟頂樓)
珍珠,薩村傳海主人，上面門口出去，到11.18說話，進去直接鎖定加克拉打比較快
卡坦的旋風,薩村傳卡坦村到97.104接任務，出門口到256.178打悔過書，再回去交任務
波拉島的水,薩村傳海主人，往上走到奇努伊村38.77傳送到米蘭達，出門口到450.391泰坦洞，走到12.7買水
光之石,到塔姆塔姆村56.35找克雷接任務，走出門口到452.162森林洞窟，爬到頂樓26.20打石頭，拿一個光之石的碎片，再回去交任務就好，可用光之石腳本
陳年葡萄酒,準備5種料理：照燒煮魚(魚1+水1+鹽2+油2)、美食湯(水4+蟹4+花枝4+胡椒3)、豪邁的炒青菜(油4+碳3+包心菜4+青椒4)、豪華肉拼盤(高级肉+豆4+樱桃4)、清脆沙拉(包心菜2+蕃茄2+紅蘿蔔2+小黄瓜2)，再到柯奧村44.32交任務
龍骨粉末,去加加村82.58與獵人對話拿龍骨，再去106.114與法師對話磨成粉
烏力丸,要有另一隻腳色用烏力王或者黑烏力王決鬥 對方用烏力化將自己變成烏力以後 交易取得烏力王放出來跟其對話得到
毒蛇的肉,百年海主人任務(可用毒蛇的肉腳本)
願藏斧頭,打願藏
近藏的棍棒,多多村出去479.508打近藏，可用流浪之家腳本打
綠寶石,伊甸大陸西方181.175梅爾頓打綠寶石礦(冒險者工會可傳送)，塔耳塔城找20.16寶石提練師三個礦石提煉成一個寶石
治療石化肉,傳科奧村，出門口走到328.633柯奧山洞窟，進去打石龜就會掉，可用治療石化肉腳本
奇怪的石頭,漁村88.95接任務，出門口到328.633柯奧山小洞窟4樓打石龜
寶箱鑰匙,去淚之海148.72打怪就會打到鑰匙
雪鉤花,薩村傳大象區往左上方走157.210進去飛龍洞就可以打了
深藍色石頭,吉魯島無名洞窟地下3F打深藍色石頭掉落
普通普通的服,薩村防具店63.99
粗雜的鎧,薩姆吉爾村|漁村|加加村|卡魯它那村武器店有賣
輕的鎧,薩姆吉爾村|漁村|卡魯它那村武器店有賣
黑色小首飾,薩村道具店67.10
綠色小首飾,薩村道具店67.10
西倫恩根,薩村醫院可買
摩浦葉,薩村醫院可買
菲恩葉,薩村醫院可買
烏西摩尼葉,薩村醫院可買
伊西娃麗索葉,薩村醫院可買
哈魯lv2鎧7,競技場3.5可買
耐用的鎧,競技場有賣
硬的鎧,競技場有賣
挺棒的鎧,競技場有賣
柯雅拉Lv3護身符,薩村百人
白貝首飾,百人道場頂樓可買
重的槍,漁村武器店92.89
普通普通的鎧,加加村|漁村武器店有賣
重的投擲斧頭,卡魯他那村99.65可以買
重的鎧,加加村|卡魯它那村武器店有賣
萊伊卡Lv3石,福村52.30可以買
蒼玉的石手環,福村52.30可以買
紅玉的石手環,福村52.30可以買
阿魯帖拉鳴子,福爾德 奇努伊 或奇克克的道具店
哈魯lv3鎧7,達那村防具店，30.26進入大廳西，34.6防具店
貝諾美斯Lv4迴旋標,奇努伊24H
卡坦的石,卡坦村武器店
白色大首飾,卡坦村可買
綠玉的戒指,奇喀喀村可買
大的迴旋標,奇喀喀村51.73可買
哈梅拉斯木笛,霍村可買
貝諾美斯Lv4弓箭,北島SBC本部62.48可買，可用看見石器的美腳本選3號去
威魯護身符4,南島JBA本部
翠貝的耳環,強恩一族的洞窟7樓道具店64.43
塔耳塔的斧3,地城東南區17.12可買
塔耳塔的服3,地城東南區17.12可買
尼克斯b3首飾5,水城17.74特產店可買
出水草,水城17.74可買
亞伊歐的弓箭6,風城132.79可買
智慧之果2,風城131.79可買